{"cameraMode":{"drawMode":0,"name":"Shaded","section":"Shading Mode"},"sceneLighting":true,"audioPlay":false,"sceneViewState":{"showFog":true,"showMaterialUpdate":false,"showSkybox":true,"showFlares":true,"showImageEffects":true,"showParticleSystems":true},"in2DMode":false,"pivot":{"x":-3.8177380561828615,"y":1.4373358488082886,"z":15.532928466796875},"rotation":{"x":-0.027415474876761438,"y":-0.2178448587656021,"z":-0.006164832506328821,"w":0.9756341576576233},"size":5.102371692657471,"orthographic":false}